Workbook

Sheet QA Чеклист
A1: № | B1: ID тесту | C1: Розділ | D1: Назва тесту | E1: Кроки | F1: Очікуваний результат | G1: Статус | H1: Коментар | I1: Пріоритет
A2: 1 | B2: TC-A11Y-001 | C2: Доступність (a11y) | D2: Сторінка має валідний атрибут lang | E2: Відкрити сторінку та виконати перевірку | F2: Перевірка пройдена успішно | I2: Низький
A3: 2 | B3: TC-A11Y-002 | C3: Доступність (a11y) | D3: Сторінка має основний заголовок (h1) | E3: Відкрити сторінку та виконати перевірку | F3: Перевірка пройдена успішно | I3: Низький
A4: 3 | B4: TC-A11Y-003 | C4: Доступність (a11y) | D4: Зображення мають атрибути alt | E4: Відкрити сторінку та виконати перевірку | F4: Перевірка пройдена успішно | I4: Низький
A5: 4 | B5: TC-A11Y-004 | C5: Доступність (a11y) | D5: Заголовок сторінки не порожній | E5: Відкрити сторінку та виконати перевірку | F5: Перевірка пройдена успішно | I5: Високий
A6: 5 | B6: TC-A11Y-005 | C6: Доступність (a11y) | D6: Посилання мають зрозумілий текст | E6: Відкрити сторінку та виконати перевірку | F6: Перевірка пройдена успішно | I6: Низький
A7: 6 | B7: TC-A11Y-006 | C7: Доступність (a11y) | D7: Поля введення мають мітки або placeholder | E7: Ввести дані в поле введення | F7: Дані успішно введені та оброблені | I7: Низький
A8: 7 | B8: TC-A11Y-007 | C8: Доступність (a11y) | D8: Сторінка доступна з клавіатури (Tab) | E8: Відкрити сторінку та виконати перевірку | F8: Перевірка пройдена успішно | I8: Низький
A9: 8 | B9: TC-A11Y-008 | C9: Доступність (a11y) | D9: Контрастність кольорів — текст читабельний | E9: Відкрити сторінку та виконати перевірку | F9: Перевірка пройдена успішно | I9: Низький
A10: 9 | B10: TC-A11Y-009 | C10: Доступність (a11y) | D10: Є основний landmark-елемент (main) | E10: Відкрити сторінку та знайти елемент | F10: Елемент видимий на сторінці | I10: Низький
A11: 10 | B11: TC-A11Y-010 | C11: Доступність (a11y) | D11: Кнопки мають правильну роль (button) | E11: Відкрити сторінку та виконати перевірку | F11: Перевірка пройдена успішно | I11: Низький
A12: 11 | B12: TC-ACC-001 | C12: Особистий кабінет | D12: Сторінка профілю завантажується успішно | E12: Відкрити відповідну сторінку | F12: Сторінка завантажується без помилок, HTTP 200 | I12: Високий
A13: 12 | B13: TC-ACC-002 | C13: Особистий кабінет | D13: Сторінка входу завантажується без серверної помилки | E13: Відкрити відповідну сторінку | F13: Сторінка завантажується без помилок, HTTP 200 | I13: Високий
... A183: 182 | B183: TC-SR-008 | C183: Пошук | D183: Декілька пошукових запитів працюють послідовно | E183: Відкрити сторінку та виконати перевірку | F183: Перевірка пройдена успішно | I183: Середній

Sheet Зведення
A1: QA ЧЕКЛИСТ — concert.ua
A3: Розділ | B3: Всього | C3: Пройдено ✓ | D3: Провалено ✗ | E3: Пропущено — | F3: Прогрес
A4: Cookie банер та Футер | B4: 12 | C4: =COUNTIFS('QA Чеклист'!C2:C183,A4,'QA Чеклист'!G2:G183,"Пройдено ✓") | D4: =COUNTIFS('QA Чеклист'!C2:C183,A4,'QA Чеклист'!G2:G183,"Провалено ✗") | E4: =COUNTIFS('QA Чеклист'!C2:C183,A4,'QA Чеклист'!G2:G183,"Пропущено —") | F4: =IF(B4=0,"-",TEXT(C4/B4,"0%"))
A5: Адаптивність / Мобайл | B5: 10 | C5: =COUNTIFS('QA Чеклист'!C2:C183,A5,'QA Чеклист'!G2:G183,"Пройдено ✓") | D5: =COUNTIFS('QA Чеклист'!C2:C183,A5,'QA Чеклист'!G2:G183,"Провалено ✗") | E5: =COUNTIFS('QA Чеклист'!C2:C183,A5,'QA Чеклист'!G2:G183,"Пропущено —") | F5: =IF(B5=0,"-",TEXT(C5/B5,"0%"))
A6: Головна сторінка | B6: 13 | C6: =COUNTIFS('QA Чеклист'!C2:C183,A6,'QA Чеклист'!G2:G183,"Пройдено ✓") | D6: =COUNTIFS('QA Чеклист'!C2:C183,A6,'QA Чеклист'!G2:G183,"Провалено ✗") | E6: =COUNTIFS('QA Чеклист'!C2:C183,A6,'QA Чеклист'!G2:G183,"Пропущено —") | F6: =IF(B6=0,"-",TEXT(C6/B6,"0%"))
A7: Головна сторінка — секції | B7: 16 | C7: =COUNTIFS('QA Чеклист'!C2:C183,A7,'QA Чеклист'!G2:G183,"Пройдено ✓") | D7: =COUNTIFS('QA Чеклист'!C2:C183,A7,'QA Чеклист'!G2:G183,"Провалено ✗") | E7: =COUNTIFS('QA Чеклист'!C2:C183,A7,'QA Чеклист'!G2:G183,"Пропущено —") | F7: =IF(B7=0,"-",TEXT(C7/B7,"0%"))
A8: Доступність (a11y) | B8: 10 | C8: =COUNTIFS('QA Чеклист'!C2:C183,A8,'QA Чеклист'!G2:G183,"Пройдено ✓") | D8: =COUNTIFS('QA Чеклист'!C2:C183,A8,'QA Чеклист'!G2:G183,"Провалено ✗") | E8: =COUNTIFS('QA Чеклист'!C2:C183,A8,'QA Чеклист'!G2:G183,"Пропущено —") | F8: =IF(B8=0,"-",TEXT(C8/B8,"0%"))
A9: Картка події | B9: 12 | C9: =COUNTIFS('QA Чеклист'!C2:C183,A9,'QA Чеклист'!G2:G183,"Пройдено ✓") | D9: =COUNTIFS('QA Чеклист'!C2:C183,A9,'QA Чеклист'!G2:G183,"Провалено ✗") | E9: =COUNTIFS('QA Чеклист'!C2:C183,A9,'QA Чеклист'!G2:G183,"Пропущено —") | F9: =IF(B9=0,"-",TEXT(C9/B9,"0%"))
A10: Картка події — деталі | B10: 14 | C10: =COUNTIFS('QA Чеклист'!C2:C183,A10,'QA Чеклист'!G2:G183,"Пройдено ✓") | D10: =COUNTIFS('QA Чеклист'!C2:C183,A10,'QA Чеклист'!G2:G183,"Провалено ✗") | E10: =COUNTIFS('QA Чеклист'!C2:C183,A10,'QA Чеклист'!G2:G183,"Пропущено —") | F10: =IF(B10=0,"-",TEXT(C10/B10,"0%"))
A11: Каталог подій | B11: 11 | C11: =COUNTIFS('QA Чеклист'!C2:C183,A11,'QA Чеклист'!G2:G183,"Пройдено ✓") | D11: =COUNTIFS('QA Чеклист'!C2:C183,A11,'QA Чеклист'!G2:G183,"Провалено ✗") | E11: =COUNTIFS('QA Чеклист'!C2:C183,A11,'QA Чеклист'!G2:G183,"Пропущено —") | F11: =IF(B11=0,"-",TEXT(C11/B11,"0%"))
A12: Каталог — фільтри та сортування | B12: 12 | C12: =COUNTIFS('QA Чеклист'!C2:C183,A12,'QA Чеклист'!G2:G183,"Пройдено ✓") | D12: =COUNTIFS('QA Чеклист'!C2:C183,A12,'QA Чеклист'!G2:G183,"Провалено ✗") | E12: =COUNTIFS('QA Чеклист'!C2:C183,A12,'QA Чеклист'!G2:G183,"Пропущено —") | F12: =IF(B12=0,"-",TEXT(C12/B12,"0%"))
A13: Контентні сторінки | B13: 14 | C13: =COUNTIFS('QA Чеклист'!C2:C183,A13,'QA Чеклист'!G2:G183,"Пройдено ✓") | D13: =COUNTIFS('QA Чеклист'!C2:C183,A13,'QA Чеклист'!G2:G183,"Провалено ✗") | E13: =COUNTIFS('QA Чеклист'!C2:C183,A13,'QA Чеклист'!G2:G183,"Пропущено —") | F13: =IF(B13=0,"-",TEXT(C13/B13,"0%"))
A14: Кошик та оформлення | B14: 8 | C14: =COUNTIFS('QA Чеклист'!C2:C183,A14,'QA Чеклист'!G2:G183,"Пройдено ✓") | D14: =COUNTIFS('QA Чеклист'!C2:C183,A14,'QA Чеклист'!G2:G183,"Провалено ✗") | E14: =COUNTIFS('QA Чеклист'!C2:C183,A14,'QA Чеклист'!G2:G183,"Пропущено —") | F14: =IF(B14=0,"-",TEXT(C14/B14,"0%"))
A15: Локалізація / i18n | B15: 8 | C15: =COUNTIFS('QA Чеклист'!C2:C183,A15,'QA Чеклист'!G2:G183,"Пройдено ✓") | D15: =COUNTIFS('QA Чеклист'!C2:C183,A15,'QA Чеклист'!G2:G183,"Провалено ✗") | E15: =COUNTIFS('QA Чеклист'!C2:C183,A15,'QA Чеклист'!G2:G183,"Пропущено —") | F15: =IF(B15=0,"-",TEXT(C15/B15,"0%"))
A16: Навігація та заголовок | B16: 14 | C16: =COUNTIFS('QA Чеклист'!C2:C183,A16,'QA Чеклист'!G2:G183,"Пройдено ✓") | D16: =COUNTIFS('QA Чеклист'!C2:C183,A16,'QA Чеклист'!G2:G183,"Провалено ✗") | E16: =COUNTIFS('QA Чеклист'!C2:C183,A16,'QA Чеклист'!G2:G183,"Пропущено —") | F16: =IF(B16=0,"-",TEXT(C16/B16,"0%"))
A17: Оплата | B17: 8 | C17: =COUNTIFS('QA Чеклист'!C2:C183,A17,'QA Чеклист'!G2:G183,"Пройдено ✓") | D17: =COUNTIFS('QA Чеклист'!C2:C183,A17,'QA Чеклист'!G2:G183,"Провалено ✗") | E17: =COUNTIFS('QA Чеклист'!C2:C183,A17,'QA Чеклист'!G2:G183,"Пропущено —") | F17: =IF(B17=0,"-",TEXT(C17/B17,"0%"))
A18: Особистий кабінет | B18: 12 | C18: =COUNTIFS('QA Чеклист'!C2:C183,A18,'QA Чеклист'!G2:G183,"Пройдено ✓") | D18: =COUNTIFS('QA Чеклист'!C2:C183,A18,'QA Чеклист'!G2:G183,"Провалено ✗") | E18: =COUNTIFS('QA Чеклист'!C2:C183,A18,'QA Чеклист'!G2:G183,"Пропущено —") | F18: =IF(B18=0,"-",TEXT(C18/B18,"0%"))
A19: Пошук | B19: 8 | C19: =COUNTIFS('QA Чеклист'!C2:C183,A19,'QA Чеклист'!G2:G183,"Пройдено ✓") | D19: =COUNTIFS('QA Чеклист'!C2:C183,A19,'QA Чеклист'!G2:G183,"Провалено ✗") | E19: =COUNTIFS('QA Чеклист'!C2:C183,A19,'QA Чеклист'!G2:G183,"Пропущено —") | F19: =IF(B19=0,"-",TEXT(C19/B19,"0%"))
A20: РАЗОМ | B20: =SUM(B4:B19) | C20: =SUM(C4:C19) | D20: =SUM(D4:D19) | E20: =SUM(E4:E19) | F20: =IF(B20=0,"-",TEXT(C20/B20,"0%"))
